{
  "hour": 0.017434703186154366,
  "day_of_week": 0.005527019966393709,
  "month": 0.0,
  "is_weekend": 0.00031535280868411064,
  "price_lag_1h": 0.3878578245639801,
  "price_lag_2h": 0.08538296818733215,
  "price_lag_24h": 0.01284080371260643,
  "price_lag_48h": 0.011901970021426678,
  "price_lag_168h": 0.004180051852017641,
  "price_rolling_6h_mean": 0.34500911831855774,
  "price_rolling_12h_mean": 0.005879316944628954,
  "price_rolling_24h_mean": 0.01911724917590618,
  "price_rolling_6h_std": 0.01609751209616661,
  "price_rolling_24h_std": 0.023815706372261047,
  "temperature_c": 0.01715981774032116,
  "wind_speed_ms": 0.00402992544695735,
  "cloud_cover_pct": 0.004689896944910288,
  "humidity_pct": 0.03876076638698578
}