{
  "hour": 0.004827008116990328,
  "day_of_week": 0.00997124332934618,
  "month": 0.0,
  "is_weekend": 0.0012853658990934491,
  "price_lag_1h": 0.3387576639652252,
  "price_lag_2h": 0.09283145517110825,
  "price_lag_24h": 0.012635216116905212,
  "price_lag_48h": 0.013035536743700504,
  "price_lag_168h": 0.016848092898726463,
  "price_rolling_6h_mean": 0.35443374514579773,
  "price_rolling_12h_mean": 0.011613684706389904,
  "price_rolling_24h_mean": 0.024355774745345116,
  "price_rolling_6h_std": 0.031175948679447174,
  "price_rolling_24h_std": 0.017049727961421013,
  "temperature_c": 0.008458546362817287,
  "wind_speed_ms": 0.004592926241457462,
  "cloud_cover_pct": 0.007812296040356159,
  "humidity_pct": 0.05031575262546539
}