{
  "hour": 0.006934981793165207,
  "day_of_week": 0.00255081569775939,
  "month": 0.004764684475958347,
  "is_weekend": 0.0010510259307920933,
  "price_lag_1h": 0.2637811005115509,
  "price_lag_2h": 0.0942065417766571,
  "price_lag_24h": 0.004764172248542309,
  "price_lag_48h": 0.007171092089265585,
  "price_lag_168h": 0.0072486307471990585,
  "price_rolling_6h_mean": 0.5026686191558838,
  "price_rolling_12h_mean": 0.01631231978535652,
  "price_rolling_24h_mean": 0.026298368349671364,
  "price_rolling_6h_std": 0.023685423657298088,
  "price_rolling_24h_std": 0.012136544100940228,
  "temperature_c": 0.009792563505470753,
  "wind_speed_ms": 0.006605385337024927,
  "cloud_cover_pct": 0.005572619382292032,
  "humidity_pct": 0.004455091431736946
}