{
  "hour": 0.008454556576907635,
  "day_of_week": 0.008496596477925777,
  "month": 0.0,
  "is_weekend": 0.009327119216322899,
  "price_lag_1h": 0.4272419810295105,
  "price_lag_2h": 0.13414885103702545,
  "price_lag_24h": 0.015705203637480736,
  "price_lag_48h": 0.012209713459014893,
  "price_lag_168h": 0.0057397945784032345,
  "price_rolling_6h_mean": 0.28212469816207886,
  "price_rolling_12h_mean": 0.0064490074291825294,
  "price_rolling_24h_mean": 0.02193336747586727,
  "price_rolling_6h_std": 0.020998593419790268,
  "price_rolling_24h_std": 0.018798524513840675,
  "temperature_c": 0.008915412239730358,
  "wind_speed_ms": 0.0037730978801846504,
  "cloud_cover_pct": 0.005376224406063557,
  "humidity_pct": 0.010307224467396736
}