{
  "hour": 0.015251635573804379,
  "day_of_week": 0.005522274412214756,
  "month": 0.002331290626898408,
  "is_weekend": 6.65096304146573e-05,
  "price_lag_1h": 0.39376577734947205,
  "price_lag_2h": 0.18850111961364746,
  "price_lag_24h": 0.00735337333753705,
  "price_lag_48h": 0.011735554784536362,
  "price_lag_168h": 0.01075156219303608,
  "price_rolling_6h_mean": 0.22673512995243073,
  "price_rolling_12h_mean": 0.008910703472793102,
  "price_rolling_24h_mean": 0.01178355049341917,
  "price_rolling_6h_std": 0.018032411113381386,
  "price_rolling_24h_std": 0.017010245472192764,
  "temperature_c": 0.01740090362727642,
  "wind_speed_ms": 0.006304147187620401,
  "cloud_cover_pct": 0.004482870455831289,
  "humidity_pct": 0.05406089872121811
}