{
  "hour": 0.003837372874841094,
  "day_of_week": 0.0030862365383654833,
  "month": 0.0,
  "is_weekend": 9.601781493984163e-05,
  "price_lag_1h": 0.14434939622879028,
  "price_lag_2h": 0.12978345155715942,
  "price_lag_24h": 0.004824260715395212,
  "price_lag_48h": 0.006848261225968599,
  "price_lag_168h": 0.00408786628395319,
  "price_rolling_6h_mean": 0.5855420827865601,
  "price_rolling_12h_mean": 0.006336505524814129,
  "price_rolling_24h_mean": 0.029604900628328323,
  "price_rolling_6h_std": 0.020918644964694977,
  "price_rolling_24h_std": 0.005257881712168455,
  "temperature_c": 0.0065526883117854595,
  "wind_speed_ms": 0.006601156201213598,
  "cloud_cover_pct": 0.02722797729074955,
  "humidity_pct": 0.015045278705656528
}