{
  "hour": 0.013864089734852314,
  "day_of_week": 0.004839333239942789,
  "month": 0.0,
  "is_weekend": 0.0007139022345654666,
  "price_lag_1h": 0.40007543563842773,
  "price_lag_2h": 0.09597763419151306,
  "price_lag_24h": 0.0076376162469387054,
  "price_lag_48h": 0.005761733744293451,
  "price_lag_168h": 0.015102410688996315,
  "price_rolling_6h_mean": 0.35450151562690735,
  "price_rolling_12h_mean": 0.006679972633719444,
  "price_rolling_24h_mean": 0.027915874496102333,
  "price_rolling_6h_std": 0.01281446311622858,
  "price_rolling_24h_std": 0.00866603758186102,
  "temperature_c": 0.018280336633324623,
  "wind_speed_ms": 0.012794189155101776,
  "cloud_cover_pct": 0.008350260555744171,
  "humidity_pct": 0.006025159731507301
}