{
  "hour": 0.010142786428332329,
  "day_of_week": 0.0061880722641944885,
  "month": 0.0,
  "is_weekend": 0.008219635114073753,
  "price_lag_1h": 0.4030855596065521,
  "price_lag_2h": 0.176857128739357,
  "price_lag_24h": 0.006469821557402611,
  "price_lag_48h": 0.014967209659516811,
  "price_lag_168h": 0.015536585822701454,
  "price_rolling_6h_mean": 0.24372225999832153,
  "price_rolling_12h_mean": 0.009953411296010017,
  "price_rolling_24h_mean": 0.008332024328410625,
  "price_rolling_6h_std": 0.010398550890386105,
  "price_rolling_24h_std": 0.007390678860247135,
  "temperature_c": 0.006730514578521252,
  "wind_speed_ms": 0.023273631930351257,
  "cloud_cover_pct": 0.007652534171938896,
  "humidity_pct": 0.04107963666319847
}