{
  "hour": 0.024517370387911797,
  "day_of_week": 0.003576997434720397,
  "month": 0.001085167983546853,
  "is_weekend": 0.006648640148341656,
  "price_lag_1h": 0.37376120686531067,
  "price_lag_2h": 0.20471622049808502,
  "price_lag_24h": 0.011639491654932499,
  "price_lag_48h": 0.012087961658835411,
  "price_lag_168h": 0.007788729388266802,
  "price_rolling_6h_mean": 0.20085006952285767,
  "price_rolling_12h_mean": 0.010027236305177212,
  "price_rolling_24h_mean": 0.009820320643484592,
  "price_rolling_6h_std": 0.024535395205020905,
  "price_rolling_24h_std": 0.05296633765101433,
  "temperature_c": 0.007169944234192371,
  "wind_speed_ms": 0.007196669466793537,
  "cloud_cover_pct": 0.007151428610086441,
  "humidity_pct": 0.03446083888411522
}