{
  "hour": 0.007898213341832161,
  "day_of_week": 0.004144723992794752,
  "month": 0.0,
  "is_weekend": 0.0003987818490713835,
  "price_lag_1h": 0.26931026577949524,
  "price_lag_2h": 0.0960368812084198,
  "price_lag_24h": 0.00804554857313633,
  "price_lag_48h": 0.015714945271611214,
  "price_lag_168h": 0.00879280548542738,
  "price_rolling_6h_mean": 0.4738936722278595,
  "price_rolling_12h_mean": 0.012344831600785255,
  "price_rolling_24h_mean": 0.027966393157839775,
  "price_rolling_6h_std": 0.02707354724407196,
  "price_rolling_24h_std": 0.007786582224071026,
  "temperature_c": 0.013749365694820881,
  "wind_speed_ms": 0.006550929043442011,
  "cloud_cover_pct": 0.012768490239977837,
  "humidity_pct": 0.007524065673351288
}