{
  "hour": 0.014863790012896061,
  "day_of_week": 0.0039291479624807835,
  "month": 0.0,
  "is_weekend": 0.014003749005496502,
  "price_lag_1h": 0.39263367652893066,
  "price_lag_2h": 0.1742715984582901,
  "price_lag_24h": 0.003941602073609829,
  "price_lag_48h": 0.008065793663263321,
  "price_lag_168h": 0.013791743665933609,
  "price_rolling_6h_mean": 0.24912023544311523,
  "price_rolling_12h_mean": 0.0070633916184306145,
  "price_rolling_24h_mean": 0.031585320830345154,
  "price_rolling_6h_std": 0.015299199149012566,
  "price_rolling_24h_std": 0.011925779283046722,
  "temperature_c": 0.015754621475934982,
  "wind_speed_ms": 0.02192266657948494,
  "cloud_cover_pct": 0.004544740542769432,
  "humidity_pct": 0.017282908782362938
}