{
  "hour": 0.006231018342077732,
  "day_of_week": 0.0059775905683636665,
  "month": 0.003285089274868369,
  "is_weekend": 0.0018785593565553427,
  "price_lag_1h": 0.34767094254493713,
  "price_lag_2h": 0.17650334537029266,
  "price_lag_24h": 0.03615507483482361,
  "price_lag_48h": 0.022579031065106392,
  "price_lag_168h": 0.013576759025454521,
  "price_rolling_6h_mean": 0.26596781611442566,
  "price_rolling_12h_mean": 0.0068166740238666534,
  "price_rolling_24h_mean": 0.014828763902187347,
  "price_rolling_6h_std": 0.01962967962026596,
  "price_rolling_24h_std": 0.017698155716061592,
  "temperature_c": 0.01672579161822796,
  "wind_speed_ms": 0.01632384955883026,
  "cloud_cover_pct": 0.016356173902750015,
  "humidity_pct": 0.011795736849308014
}