{
  "hour": 0.012750503607094288,
  "day_of_week": 0.004884022753685713,
  "month": 0.0,
  "is_weekend": 0.013206006959080696,
  "price_lag_1h": 0.3801474869251251,
  "price_lag_2h": 0.26167985796928406,
  "price_lag_24h": 0.016679801046848297,
  "price_lag_48h": 0.013307586312294006,
  "price_lag_168h": 0.00879453681409359,
  "price_rolling_6h_mean": 0.16037753224372864,
  "price_rolling_12h_mean": 0.009480699896812439,
  "price_rolling_24h_mean": 0.009948757477104664,
  "price_rolling_6h_std": 0.010167032480239868,
  "price_rolling_24h_std": 0.018205832690000534,
  "temperature_c": 0.011682435870170593,
  "wind_speed_ms": 0.00801286194473505,
  "cloud_cover_pct": 0.007687522564083338,
  "humidity_pct": 0.05298757925629616
}