{
  "hour": 0.02278577908873558,
  "day_of_week": 0.002818326000124216,
  "month": 0.0,
  "is_weekend": 0.00031469797249883413,
  "price_lag_1h": 0.36891311407089233,
  "price_lag_2h": 0.09526500105857849,
  "price_lag_24h": 0.018325261771678925,
  "price_lag_48h": 0.0062341950833797455,
  "price_lag_168h": 0.005068105645477772,
  "price_rolling_6h_mean": 0.3759898245334625,
  "price_rolling_12h_mean": 0.008376052603125572,
  "price_rolling_24h_mean": 0.010706407018005848,
  "price_rolling_6h_std": 0.012833036482334137,
  "price_rolling_24h_std": 0.009502503089606762,
  "temperature_c": 0.03968048095703125,
  "wind_speed_ms": 0.004392651841044426,
  "cloud_cover_pct": 0.007988919503986835,
  "humidity_pct": 0.01080568041652441
}