{
  "hour": 0.00439888471737504,
  "day_of_week": 0.004896880127489567,
  "month": 0.0,
  "is_weekend": 0.0004631335032172501,
  "price_lag_1h": 0.2942209839820862,
  "price_lag_2h": 0.08291573077440262,
  "price_lag_24h": 0.016259348019957542,
  "price_lag_48h": 0.021970365196466446,
  "price_lag_168h": 0.026214195415377617,
  "price_rolling_6h_mean": 0.3669769763946533,
  "price_rolling_12h_mean": 0.019265417009592056,
  "price_rolling_24h_mean": 0.03149474412202835,
  "price_rolling_6h_std": 0.04768591746687889,
  "price_rolling_24h_std": 0.026784256100654602,
  "temperature_c": 0.01929500512778759,
  "wind_speed_ms": 0.011235792189836502,
  "cloud_cover_pct": 0.00786173902451992,
  "humidity_pct": 0.018060550093650818
}