{
  "hour": 0.011464374139904976,
  "day_of_week": 0.004857334773987532,
  "month": 0.0,
  "is_weekend": 0.0020264103077352047,
  "price_lag_1h": 0.38225606083869934,
  "price_lag_2h": 0.13934838771820068,
  "price_lag_24h": 0.005983285140246153,
  "price_lag_48h": 0.005504352040588856,
  "price_lag_168h": 0.010810548439621925,
  "price_rolling_6h_mean": 0.3244071900844574,
  "price_rolling_12h_mean": 0.0045201946049928665,
  "price_rolling_24h_mean": 0.024152668192982674,
  "price_rolling_6h_std": 0.013056991621851921,
  "price_rolling_24h_std": 0.007002986501902342,
  "temperature_c": 0.012772209011018276,
  "wind_speed_ms": 0.012051458470523357,
  "cloud_cover_pct": 0.007632392458617687,
  "humidity_pct": 0.03215321898460388
}