{
  "hour": 0.00872896984219551,
  "day_of_week": 0.0020430453587323427,
  "month": 0.0,
  "is_weekend": 0.0033215959556400776,
  "price_lag_1h": 0.34805458784103394,
  "price_lag_2h": 0.08693615347146988,
  "price_lag_24h": 0.020600218325853348,
  "price_lag_48h": 0.007387305609881878,
  "price_lag_168h": 0.005509998183697462,
  "price_rolling_6h_mean": 0.4035203754901886,
  "price_rolling_12h_mean": 0.00660727871581912,
  "price_rolling_24h_mean": 0.011739430949091911,
  "price_rolling_6h_std": 0.01190925296396017,
  "price_rolling_24h_std": 0.011314882896840572,
  "temperature_c": 0.045726776123046875,
  "wind_speed_ms": 0.006559150759130716,
  "cloud_cover_pct": 0.0031688984017819166,
  "humidity_pct": 0.016872012987732887
}