{
  "hour": 0.021409405395388603,
  "day_of_week": 0.005118120927363634,
  "month": 0.0,
  "is_weekend": 0.004755234811455011,
  "price_lag_1h": 0.4105980396270752,
  "price_lag_2h": 0.09816370159387589,
  "price_lag_24h": 0.015323719941079617,
  "price_lag_48h": 0.006529467646032572,
  "price_lag_168h": 0.005438591353595257,
  "price_rolling_6h_mean": 0.33351385593414307,
  "price_rolling_12h_mean": 0.006401072256267071,
  "price_rolling_24h_mean": 0.015627805143594742,
  "price_rolling_6h_std": 0.013963183388113976,
  "price_rolling_24h_std": 0.013658824376761913,
  "temperature_c": 0.03624117374420166,
  "wind_speed_ms": 0.004450969398021698,
  "cloud_cover_pct": 0.0015739643713459373,
  "humidity_pct": 0.007232929114252329
}