{
  "hour": 0.020752588286995888,
  "day_of_week": 0.007294662296772003,
  "month": 0.0,
  "is_weekend": 0.007026612758636475,
  "price_lag_1h": 0.3363882899284363,
  "price_lag_2h": 0.12207599729299545,
  "price_lag_24h": 0.015355201438069344,
  "price_lag_48h": 0.011422702111303806,
  "price_lag_168h": 0.008319446817040443,
  "price_rolling_6h_mean": 0.3721933960914612,
  "price_rolling_12h_mean": 0.01136312261223793,
  "price_rolling_24h_mean": 0.01683192513883114,
  "price_rolling_6h_std": 0.01997089572250843,
  "price_rolling_24h_std": 0.004788041114807129,
  "temperature_c": 0.007700598798692226,
  "wind_speed_ms": 0.012228593230247498,
  "cloud_cover_pct": 0.004446989390999079,
  "humidity_pct": 0.021840956062078476
}