{
  "hour": 0.004153270274400711,
  "day_of_week": 0.006147662177681923,
  "month": 0.0,
  "is_weekend": 0.0018198795150965452,
  "price_lag_1h": 0.28930529952049255,
  "price_lag_2h": 0.08172576129436493,
  "price_lag_24h": 0.020761674270033836,
  "price_lag_48h": 0.011774785816669464,
  "price_lag_168h": 0.012947667390108109,
  "price_rolling_6h_mean": 0.47609713673591614,
  "price_rolling_12h_mean": 0.012729850597679615,
  "price_rolling_24h_mean": 0.015503529459238052,
  "price_rolling_6h_std": 0.01229320652782917,
  "price_rolling_24h_std": 0.02026968263089657,
  "temperature_c": 0.011675531975924969,
  "wind_speed_ms": 0.006165208760648966,
  "cloud_cover_pct": 0.004629933275282383,
  "humidity_pct": 0.011999973095953465
}