{
  "hour": 0.010783268138766289,
  "day_of_week": 0.004315800499171019,
  "month": 0.0012805877486243844,
  "is_weekend": 0.0048415446653962135,
  "price_lag_1h": 0.3714199364185333,
  "price_lag_2h": 0.21234217286109924,
  "price_lag_24h": 0.04183407127857208,
  "price_lag_48h": 0.021745163947343826,
  "price_lag_168h": 0.014988836832344532,
  "price_rolling_6h_mean": 0.2086460292339325,
  "price_rolling_12h_mean": 0.00919342041015625,
  "price_rolling_24h_mean": 0.010862750932574272,
  "price_rolling_6h_std": 0.016659529879689217,
  "price_rolling_24h_std": 0.01932818442583084,
  "temperature_c": 0.030075768008828163,
  "wind_speed_ms": 0.009256510064005852,
  "cloud_cover_pct": 0.0033073113299906254,
  "humidity_pct": 0.009119078516960144
}